/*
 Navicat Premium Data Transfer

 Source Server         : Oracle
 Source Server Type    : Oracle
 Source Server Version : 110200
 Source Host           : localhost:1521
 Source Schema         : ROOT

 Target Server Type    : Oracle
 Target Server Version : 110200
 File Encoding         : 65001

 Date: 04/01/2021 01:23:27
*/


-- ----------------------------
-- Table structure for CATEGORY_ATTRIBUTE
-- ----------------------------
DROP TABLE "ROOT"."CATEGORY_ATTRIBUTE";
CREATE TABLE "ROOT"."CATEGORY_ATTRIBUTE" (
  "ID" VARCHAR2(20 BYTE) NOT NULL,
  "PRODUCT_CATEGORY_ID" VARCHAR2(20 BYTE) NOT NULL,
  "PRODUCT_ATTRIBUTE_ID" VARCHAR2(20 BYTE) NOT NULL
)
LOGGING
NOCOMPRESS
PCTFREE 10
INITRANS 1
STORAGE (
  INITIAL 65536 
  NEXT 1048576 
  MINEXTENTS 1
  MAXEXTENTS 2147483645
  BUFFER_POOL DEFAULT
)
PARALLEL 1
NOCACHE
DISABLE ROW MOVEMENT
;

-- ----------------------------
-- Records of CATEGORY_ATTRIBUTE
-- ----------------------------

-- ----------------------------
-- Table structure for PRODUCT
-- ----------------------------
DROP TABLE "ROOT"."PRODUCT";
CREATE TABLE "ROOT"."PRODUCT" (
  "PRODUCT_ID" VARCHAR2(20 BYTE) NOT NULL,
  "PRODUCT_CATEGORY_ID" VARCHAR2(20 BYTE) NOT NULL,
  "UPDATE_TIME" DATE,
  "NAME" VARCHAR2(255 BYTE) NOT NULL,
  "DELETE_STATUS" NUMBER(1,0) NOT NULL,
  "PUBLISH_STATUS" NUMBER(1,0) NOT NULL,
  "NEW_STATUS" NUMBER(1,0) NOT NULL,
  "SALE" NUMBER(20,0) NOT NULL,
  "PRODUCT_PRICE" NUMBER(20,3) NOT NULL,
  "PROMOTION_PRICE" NUMBER(20,3) NOT NULL,
  "STOCK" NUMBER(20,0) NOT NULL,
  "LOW_STOCK" NUMBER(20,0) NOT NULL,
  "UNIT" VARCHAR2(20 BYTE) NOT NULL,
  "WEIGHT" NUMBER(20,0) NOT NULL,
  "PROMOTION_TYPE" NUMBER(1,0),
  "PROMOTION_START_TIME" DATE,
  "PROMOTION_END_TIME" DATE
)
LOGGING
NOCOMPRESS
PCTFREE 10
INITRANS 1
STORAGE (
  INITIAL 65536 
  NEXT 1048576 
  MINEXTENTS 1
  MAXEXTENTS 2147483645
  BUFFER_POOL DEFAULT
)
PARALLEL 1
NOCACHE
DISABLE ROW MOVEMENT
;

-- ----------------------------
-- Records of PRODUCT
-- ----------------------------
INSERT INTO "ROOT"."PRODUCT" VALUES ('1', '6', TO_DATE('2021-01-02 16:33:15', 'SYYYY-MM-DD HH24:MI:SS'), '伊水伊田  陕西洛川红富士苹果当季时令新鲜水果苹果礼盒冰糖心脆甜多汁', '0', '1', '1', '1000', '45', '40', '300', '2', 'kg', '1', NULL, TO_DATE('2021-01-02 16:35:03', 'SYYYY-MM-DD HH24:MI:SS'), TO_DATE('2021-01-19 16:35:07', 'SYYYY-MM-DD HH24:MI:SS'));
INSERT INTO "ROOT"."PRODUCT" VALUES ('2', '7', TO_DATE('2021-01-12 16:36:29', 'SYYYY-MM-DD HH24:MI:SS'), '【现货实物】东海舟山海鲜礼盒海鲜大礼包春节年货 国产海鲜礼品浙江海产组合套餐礼盒海鲜水产生鲜礼包 ', '0', '1', '1', '875', '400', '400', '300', '2', 'kg', '1', NULL, NULL, NULL);
INSERT INTO "ROOT"."PRODUCT" VALUES ('3', '9', TO_DATE('2021-01-26 16:38:57', 'SYYYY-MM-DD HH24:MI:SS'), '上鲜 鸡腿肉块 800g 出口日本级 鸡丁肉鸡腿肉丁鸡肉块 宫保鸡丁辣子鸡丁麻辣鸡丁食材清真食品', '0', '1', '1', '1200', '100', '100', '100', '2', 'kg', '1', NULL, NULL, NULL);
INSERT INTO "ROOT"."PRODUCT" VALUES ('26', '13', TO_DATE('2021-01-02 16:41:43', 'SYYYY-MM-DD HH24:MI:SS'), '光明 新鲜牧场 950ml 高品质牛乳', '0', '1', '1', '4500', '12', '12', '300', '2', 'ml', '2', NULL, NULL, NULL);

-- ----------------------------
-- Table structure for PRODUCT_ATTRIBUTE
-- ----------------------------
DROP TABLE "ROOT"."PRODUCT_ATTRIBUTE";
CREATE TABLE "ROOT"."PRODUCT_ATTRIBUTE" (
  "ID" VARCHAR2(20 BYTE) NOT NULL,
  "PRODUCT_ATTRIBUTE_CATEGORY_ID" VARCHAR2(20 BYTE) NOT NULL,
  "NAME" VARCHAR2(50 BYTE) NOT NULL,
  "ATT_TYPE" NUMBER(1,0) NOT NULL
)
LOGGING
NOCOMPRESS
PCTFREE 10
INITRANS 1
STORAGE (
  INITIAL 65536 
  NEXT 1048576 
  MINEXTENTS 1
  MAXEXTENTS 2147483645
  BUFFER_POOL DEFAULT
)
PARALLEL 1
NOCACHE
DISABLE ROW MOVEMENT
;

-- ----------------------------
-- Records of PRODUCT_ATTRIBUTE
-- ----------------------------
INSERT INTO "ROOT"."PRODUCT_ATTRIBUTE" VALUES ('1', '1', '质量', '0');
INSERT INTO "ROOT"."PRODUCT_ATTRIBUTE" VALUES ('2', '1', '数量', '0');
INSERT INTO "ROOT"."PRODUCT_ATTRIBUTE" VALUES ('3', '1', '大小', '0');
INSERT INTO "ROOT"."PRODUCT_ATTRIBUTE" VALUES ('4', '2', '类型', '1');
INSERT INTO "ROOT"."PRODUCT_ATTRIBUTE" VALUES ('5', '3', '质量', '0');
INSERT INTO "ROOT"."PRODUCT_ATTRIBUTE" VALUES ('6', '3', '类型', '1');
INSERT INTO "ROOT"."PRODUCT_ATTRIBUTE" VALUES ('7', '26', '品牌', '1');
INSERT INTO "ROOT"."PRODUCT_ATTRIBUTE" VALUES ('8', '26', '净含量', '0');

-- ----------------------------
-- Table structure for PRODUCT_ATTRIBUTE_CATEGORY
-- ----------------------------
DROP TABLE "ROOT"."PRODUCT_ATTRIBUTE_CATEGORY";
CREATE TABLE "ROOT"."PRODUCT_ATTRIBUTE_CATEGORY" (
  "ID" VARCHAR2(20 BYTE) NOT NULL,
  "PRODUCT_ID" VARCHAR2(20 BYTE) NOT NULL,
  "ATTRIBUTE_COUNT" NUMBER(8,0) NOT NULL,
  "PARAM_COUNT" NUMBER(8,0) NOT NULL
)
LOGGING
NOCOMPRESS
PCTFREE 10
INITRANS 1
STORAGE (
  INITIAL 65536 
  NEXT 1048576 
  MINEXTENTS 1
  MAXEXTENTS 2147483645
  BUFFER_POOL DEFAULT
)
PARALLEL 1
NOCACHE
DISABLE ROW MOVEMENT
;

-- ----------------------------
-- Records of PRODUCT_ATTRIBUTE_CATEGORY
-- ----------------------------
INSERT INTO "ROOT"."PRODUCT_ATTRIBUTE_CATEGORY" VALUES ('1', '1', '0', '3');
INSERT INTO "ROOT"."PRODUCT_ATTRIBUTE_CATEGORY" VALUES ('2', '2', '1', '0');
INSERT INTO "ROOT"."PRODUCT_ATTRIBUTE_CATEGORY" VALUES ('3', '3', '1', '1');
INSERT INTO "ROOT"."PRODUCT_ATTRIBUTE_CATEGORY" VALUES ('4', '26', '1', '1');

-- ----------------------------
-- Table structure for PRODUCT_ATTRIBUTE_VALUE
-- ----------------------------
DROP TABLE "ROOT"."PRODUCT_ATTRIBUTE_VALUE";
CREATE TABLE "ROOT"."PRODUCT_ATTRIBUTE_VALUE" (
  "ID" VARCHAR2(20 BYTE) NOT NULL,
  "PRODUCT_ATTRIBUTE_ID" VARCHAR2(20 BYTE) NOT NULL,
  "VALUE" VARCHAR2(255 BYTE) NOT NULL
)
LOGGING
NOCOMPRESS
PCTFREE 10
INITRANS 1
STORAGE (
  INITIAL 65536 
  NEXT 1048576 
  MINEXTENTS 1
  MAXEXTENTS 2147483645
  BUFFER_POOL DEFAULT
)
PARALLEL 1
NOCACHE
DISABLE ROW MOVEMENT
;

-- ----------------------------
-- Records of PRODUCT_ATTRIBUTE_VALUE
-- ----------------------------
INSERT INTO "ROOT"."PRODUCT_ATTRIBUTE_VALUE" VALUES ('1', '1', '净重5斤');
INSERT INTO "ROOT"."PRODUCT_ATTRIBUTE_VALUE" VALUES ('2', '1', '净重10斤');
INSERT INTO "ROOT"."PRODUCT_ATTRIBUTE_VALUE" VALUES ('3', '2', '12枚精选');
INSERT INTO "ROOT"."PRODUCT_ATTRIBUTE_VALUE" VALUES ('4', '2', '22枚精选');
INSERT INTO "ROOT"."PRODUCT_ATTRIBUTE_VALUE" VALUES ('5', '3', '(80-85mm）中大果');
INSERT INTO "ROOT"."PRODUCT_ATTRIBUTE_VALUE" VALUES ('6', '4', '698型吉祥富贵海鲜大礼包');
INSERT INTO "ROOT"."PRODUCT_ATTRIBUTE_VALUE" VALUES ('7', '4', '498型万事如意海鲜大礼包');
INSERT INTO "ROOT"."PRODUCT_ATTRIBUTE_VALUE" VALUES ('8', '5', '800g');
INSERT INTO "ROOT"."PRODUCT_ATTRIBUTE_VALUE" VALUES ('9', '6', '鸡腿肉丁');
INSERT INTO "ROOT"."PRODUCT_ATTRIBUTE_VALUE" VALUES ('10', '7', '光明新鲜牧场');
INSERT INTO "ROOT"."PRODUCT_ATTRIBUTE_VALUE" VALUES ('11', '8', '950ml');

-- ----------------------------
-- Table structure for PRODUCT_CATEGORY
-- ----------------------------
DROP TABLE "ROOT"."PRODUCT_CATEGORY";
CREATE TABLE "ROOT"."PRODUCT_CATEGORY" (
  "PRODUCT_CATEGORY_ID" VARCHAR2(20 BYTE) NOT NULL,
  "PARENT_ID" VARCHAR2(20 BYTE) NOT NULL,
  "NAME" VARCHAR2(20 BYTE) NOT NULL,
  "CATEGORY_LEVEL" NUMBER(1,0) NOT NULL,
  "PRODUCT_COUNT" NUMBER(8,0) NOT NULL,
  "PRODUCT_UNIT" VARCHAR2(10 BYTE) NOT NULL,
  "KEYWORDS" VARCHAR2(50 BYTE),
  "DESCRIPTION" VARCHAR2(100 BYTE)
)
LOGGING
NOCOMPRESS
PCTFREE 10
INITRANS 1
STORAGE (
  INITIAL 65536 
  NEXT 1048576 
  MINEXTENTS 1
  MAXEXTENTS 2147483645
  BUFFER_POOL DEFAULT
)
PARALLEL 1
NOCACHE
DISABLE ROW MOVEMENT
;

-- ----------------------------
-- Records of PRODUCT_CATEGORY
-- ----------------------------
INSERT INTO "ROOT"."PRODUCT_CATEGORY" VALUES ('1', '0', '水果', '1', '300', 'kg', '暂无', '暂无');
INSERT INTO "ROOT"."PRODUCT_CATEGORY" VALUES ('2', '0', '海鲜水产', '1', '300', 'kg', '暂无', '暂无');
INSERT INTO "ROOT"."PRODUCT_CATEGORY" VALUES ('3', '0', '精品肉类', '1', '300', 'kg', '暂无', '暂无');
INSERT INTO "ROOT"."PRODUCT_CATEGORY" VALUES ('4', '0', '冷饮冻食', '1', '300', 'ml', '暂无', '暂无');
INSERT INTO "ROOT"."PRODUCT_CATEGORY" VALUES ('5', '1', '苹果', '2', '300', 'kg', '暂无', '暂无');
INSERT INTO "ROOT"."PRODUCT_CATEGORY" VALUES ('6', '5', '红富士', '3', '300', 'kg', '暂无', '暂无');
INSERT INTO "ROOT"."PRODUCT_CATEGORY" VALUES ('7', '2', '海鲜礼盒', '3', '300', '箱', '暂无', '暂无');
INSERT INTO "ROOT"."PRODUCT_CATEGORY" VALUES ('8', '3', '鸡肉', '2', '300', 'kg', '暂无', '暂无');
INSERT INTO "ROOT"."PRODUCT_CATEGORY" VALUES ('9', '8', '鸡腿', '3', '100', 'kg', NULL, '9');
INSERT INTO "ROOT"."PRODUCT_CATEGORY" VALUES ('10', '8', '鸡胸', '3', '100', 'kg', NULL, NULL);
INSERT INTO "ROOT"."PRODUCT_CATEGORY" VALUES ('11', '8', '鸡翅', '3', '100', 'kg', NULL, NULL);
INSERT INTO "ROOT"."PRODUCT_CATEGORY" VALUES ('12', '4', '牛奶', '2', '300', 'ml', NULL, NULL);
INSERT INTO "ROOT"."PRODUCT_CATEGORY" VALUES ('13', '12', '鲜奶', '3', '300', 'ml', NULL, NULL);

-- ----------------------------
-- Table structure for PURCHASE_DETAIL
-- ----------------------------
DROP TABLE "ROOT"."PURCHASE_DETAIL";
CREATE TABLE "ROOT"."PURCHASE_DETAIL" (
  "ID" VARCHAR2(20 BYTE) NOT NULL,
  "ORDER_ID" VARCHAR2(20 BYTE) NOT NULL,
  "PRODUCT_ID" VARCHAR2(20 BYTE) NOT NULL,
  "COUNTS" NUMBER(10,0) NOT NULL,
  "PRICE" NUMBER(8,2) NOT NULL,
  "DISCOUNT" NUMBER(8,2) NOT NULL,
  "SPEND" NUMBER(8,2) NOT NULL,
  "PRODUCT_SKU_CODE" VARCHAR2(20 BYTE) NOT NULL,
  "STOCK_SKU_ID" VARCHAR2(20 BYTE) NOT NULL
)
LOGGING
NOCOMPRESS
PCTFREE 10
INITRANS 1
STORAGE (
  INITIAL 65536 
  NEXT 1048576 
  MINEXTENTS 1
  MAXEXTENTS 2147483645
  BUFFER_POOL DEFAULT
)
PARALLEL 1
NOCACHE
DISABLE ROW MOVEMENT
;

-- ----------------------------
-- Records of PURCHASE_DETAIL
-- ----------------------------

-- ----------------------------
-- Table structure for SKU_STOCK
-- ----------------------------
DROP TABLE "ROOT"."SKU_STOCK";
CREATE TABLE "ROOT"."SKU_STOCK" (
  "ID" VARCHAR2(20 BYTE) NOT NULL,
  "SKU_ID" VARCHAR2(20 BYTE) NOT NULL,
  "STOCK" VARCHAR2(20 BYTE) NOT NULL,
  "LOW_STOCK" NUMBER(20,0) NOT NULL,
  "REPOSITORY_ID" VARCHAR2(20 BYTE) NOT NULL
)
LOGGING
NOCOMPRESS
PCTFREE 10
INITRANS 1
STORAGE (
  INITIAL 65536 
  NEXT 1048576 
  MINEXTENTS 1
  MAXEXTENTS 2147483645
  BUFFER_POOL DEFAULT
)
PARALLEL 1
NOCACHE
DISABLE ROW MOVEMENT
;

-- ----------------------------
-- Records of SKU_STOCK
-- ----------------------------
INSERT INTO "ROOT"."SKU_STOCK" VALUES ('1', '63371141142', '200', '2', '1');
INSERT INTO "ROOT"."SKU_STOCK" VALUES ('2', '63371141142', '100', '2', '2');
INSERT INTO "ROOT"."SKU_STOCK" VALUES ('3', '63371141143', '300', '2', '1');
INSERT INTO "ROOT"."SKU_STOCK" VALUES ('4', '100005368902', '300', '2', '1');

-- ----------------------------
-- Table structure for STOCK_LOG
-- ----------------------------
DROP TABLE "ROOT"."STOCK_LOG";
CREATE TABLE "ROOT"."STOCK_LOG" (
  "ID" VARCHAR2(20 BYTE) NOT NULL,
  "REPOSITORY_ID" VARCHAR2(20 BYTE) NOT NULL,
  "PRODUCT_ID" VARCHAR2(20 BYTE) NOT NULL,
  "SKU_CODE" VARCHAR2(20 BYTE) NOT NULL,
  "TIME" DATE,
  "COUNTS" NUMBER(10,0),
  "LOG_TYPE" NUMBER(2,0)
)
LOGGING
NOCOMPRESS
PCTFREE 10
INITRANS 1
STORAGE (
  INITIAL 65536 
  NEXT 1048576 
  MINEXTENTS 1
  MAXEXTENTS 2147483645
  BUFFER_POOL DEFAULT
)
PARALLEL 1
NOCACHE
DISABLE ROW MOVEMENT
;

-- ----------------------------
-- Records of STOCK_LOG
-- ----------------------------

-- ----------------------------
-- Table structure for STORE
-- ----------------------------
DROP TABLE "ROOT"."STORE";
CREATE TABLE "ROOT"."STORE" (
  "ID" VARCHAR2(20 BYTE) NOT NULL,
  "NAME" VARCHAR2(20 BYTE) NOT NULL,
  "ADDRESS" VARCHAR2(50 BYTE) NOT NULL,
  "phone" VARCHAR2(20 BYTE) NOT NULL
)
LOGGING
NOCOMPRESS
PCTFREE 10
INITRANS 1
STORAGE (
  INITIAL 65536 
  NEXT 1048576 
  MINEXTENTS 1
  MAXEXTENTS 2147483645
  BUFFER_POOL DEFAULT
)
PARALLEL 1
NOCACHE
DISABLE ROW MOVEMENT
;

-- ----------------------------
-- Records of STORE
-- ----------------------------

-- ----------------------------
-- Table structure for SUPPLIER
-- ----------------------------
DROP TABLE "ROOT"."SUPPLIER";
CREATE TABLE "ROOT"."SUPPLIER" (
  "SUPPLIER_ID" VARCHAR2(10 BYTE) NOT NULL,
  "SUPPLIER_NAME" VARCHAR2(50 BYTE),
  "SUPPLIER_PRODUCT_CLASS_ID" NUMBER(8,0) NOT NULL,
  "SUPPLIER_CONTACT_NAME" VARCHAR2(10 BYTE),
  "SUPPLIER_TEL" VARCHAR2(11 BYTE) NOT NULL,
  "SUPPLIER_EMAIL" VARCHAR2(50 BYTE) NOT NULL,
  "SUPPLIER_ADDRESS_ID" NUMBER(6,0) NOT NULL,
  "SUPPLIER_ADDRESS_DETAIL" VARCHAR2(100 BYTE) NOT NULL,
  "SUPPLIER_REMARK" VARCHAR2(255 BYTE)
)
LOGGING
NOCOMPRESS
PCTFREE 10
INITRANS 1
STORAGE (
  INITIAL 65536 
  NEXT 1048576 
  MINEXTENTS 1
  MAXEXTENTS 2147483645
  BUFFER_POOL DEFAULT
)
PARALLEL 1
NOCACHE
DISABLE ROW MOVEMENT
;

-- ----------------------------
-- Records of SUPPLIER
-- ----------------------------

-- ----------------------------
-- Table structure for USER_LOGIN_LOG
-- ----------------------------
DROP TABLE "ROOT"."USER_LOGIN_LOG";
CREATE TABLE "ROOT"."USER_LOGIN_LOG" (
  "ID" VARCHAR2(20 BYTE) NOT NULL,
  "USE_ID" VARCHAR2(20 BYTE) NOT NULL,
  "LOGIN_TIME" DATE NOT NULL,
  "LOGIN_TYPE" NUMBER(1,0) NOT NULL,
  "LOGIN_IP" VARCHAR2(10 BYTE) NOT NULL
)
LOGGING
NOCOMPRESS
PCTFREE 10
INITRANS 1
STORAGE (
  INITIAL 65536 
  NEXT 1048576 
  MINEXTENTS 1
  MAXEXTENTS 2147483645
  BUFFER_POOL DEFAULT
)
PARALLEL 1
NOCACHE
DISABLE ROW MOVEMENT
;

-- ----------------------------
-- Records of USER_LOGIN_LOG
-- ----------------------------

-- ----------------------------
-- Table structure for USER_ORDER_DETAIL
-- ----------------------------
DROP TABLE "ROOT"."USER_ORDER_DETAIL";
CREATE TABLE "ROOT"."USER_ORDER_DETAIL" (
  "USER_ORDER_DETAIL_ID" VARCHAR2(20 BYTE) NOT NULL,
  "USER_ORDER_DETAIL_ORDER_ID" VARCHAR2(20 BYTE) NOT NULL,
  "USER_ORDER_DETAIL_PRODUCT_ID" VARCHAR2(20 BYTE) NOT NULL,
  "USER_ORDER_DETAIL_NUMBER" NUMBER(10,0) NOT NULL,
  "USER_ORDER_DETAIL_PRICE" NUMBER(8,2) NOT NULL,
  "USER_ORDER_DETAIL_DISCOUNT" NUMBER(8,2) NOT NULL,
  "USER_ORDER_DETAIL_SPEND" NUMBER(8,2) NOT NULL,
  "PRODUCT_SKU_CODE" VARCHAR2(20 BYTE) NOT NULL,
  "STOCK_SKU_ID" VARCHAR2(20 BYTE) NOT NULL
)
LOGGING
NOCOMPRESS
PCTFREE 10
INITRANS 1
STORAGE (
  INITIAL 65536 
  NEXT 1048576 
  MINEXTENTS 1
  MAXEXTENTS 2147483645
  BUFFER_POOL DEFAULT
)
PARALLEL 1
NOCACHE
DISABLE ROW MOVEMENT
;

-- ----------------------------
-- Records of USER_ORDER_DETAIL
-- ----------------------------

-- ----------------------------
-- Table structure for USER_REGISTER_LOG
-- ----------------------------
DROP TABLE "ROOT"."USER_REGISTER_LOG";
CREATE TABLE "ROOT"."USER_REGISTER_LOG" (
  "USER_ID" VARCHAR2(20 BYTE) NOT NULL,
  "CREATE_TIME" DATE NOT NULL,
  "USER_TYPE" NUMBER(1,0) NOT NULL
)
LOGGING
NOCOMPRESS
PCTFREE 10
INITRANS 1
STORAGE (
  INITIAL 65536 
  NEXT 1048576 
  MINEXTENTS 1
  MAXEXTENTS 2147483645
  BUFFER_POOL DEFAULT
)
PARALLEL 1
NOCACHE
DISABLE ROW MOVEMENT
;

-- ----------------------------
-- Records of USER_REGISTER_LOG
-- ----------------------------

-- ----------------------------
-- Table structure for WAREHOUSE_INFO
-- ----------------------------
DROP TABLE "ROOT"."WAREHOUSE_INFO";
CREATE TABLE "ROOT"."WAREHOUSE_INFO" (
  "WAREHOUSE_ID" VARCHAR2(8 BYTE) NOT NULL,
  "WAREHOUSE_NAME" VARCHAR2(50 BYTE) NOT NULL,
  "WAREHOUSE_CAPACITY" NUMBER(10,2) NOT NULL,
  "WAREHOUSE_ADDRESS_DETAIL" VARCHAR2(255 BYTE) NOT NULL
)
LOGGING
NOCOMPRESS
PCTFREE 10
INITRANS 1
STORAGE (
  INITIAL 65536 
  NEXT 1048576 
  MINEXTENTS 1
  MAXEXTENTS 2147483645
  BUFFER_POOL DEFAULT
)
PARALLEL 1
NOCACHE
DISABLE ROW MOVEMENT
;

-- ----------------------------
-- Records of WAREHOUSE_INFO
-- ----------------------------

-- ----------------------------
-- Checks structure for table CATEGORY_ATTRIBUTE
-- ----------------------------
ALTER TABLE "ROOT"."CATEGORY_ATTRIBUTE" ADD CONSTRAINT "SYS_C0012467" CHECK ("ID" IS NOT NULL) NOT DEFERRABLE INITIALLY IMMEDIATE NORELY VALIDATE;
ALTER TABLE "ROOT"."CATEGORY_ATTRIBUTE" ADD CONSTRAINT "SYS_C0012468" CHECK ("PRODUCT_CATEGORY_ID" IS NOT NULL) NOT DEFERRABLE INITIALLY IMMEDIATE NORELY VALIDATE;
ALTER TABLE "ROOT"."CATEGORY_ATTRIBUTE" ADD CONSTRAINT "SYS_C0012469" CHECK ("PRODUCT_ATTRIBUTE_ID" IS NOT NULL) NOT DEFERRABLE INITIALLY IMMEDIATE NORELY VALIDATE;
ALTER TABLE "ROOT"."CATEGORY_ATTRIBUTE" ADD CONSTRAINT "SYS_C009186" CHECK ("ID" IS NOT NULL) NOT DEFERRABLE INITIALLY IMMEDIATE NORELY VALIDATE;
ALTER TABLE "ROOT"."CATEGORY_ATTRIBUTE" ADD CONSTRAINT "SYS_C009187" CHECK ("PRODUCT_CATEGORY_ID" IS NOT NULL) NOT DEFERRABLE INITIALLY IMMEDIATE NORELY VALIDATE;
ALTER TABLE "ROOT"."CATEGORY_ATTRIBUTE" ADD CONSTRAINT "SYS_C009188" CHECK ("PRODUCT_ATTRIBUTE_ID" IS NOT NULL) NOT DEFERRABLE INITIALLY IMMEDIATE NORELY VALIDATE;

-- ----------------------------
-- Checks structure for table PRODUCT
-- ----------------------------
ALTER TABLE "ROOT"."PRODUCT" ADD CONSTRAINT "SYS_C0012403" CHECK ("PRODUCT_ID" IS NOT NULL) NOT DEFERRABLE INITIALLY IMMEDIATE NORELY VALIDATE;
ALTER TABLE "ROOT"."PRODUCT" ADD CONSTRAINT "SYS_C0012404" CHECK ("PRODUCT_CATEGORY_ID" IS NOT NULL) NOT DEFERRABLE INITIALLY IMMEDIATE NORELY VALIDATE;
ALTER TABLE "ROOT"."PRODUCT" ADD CONSTRAINT "SYS_C0012405" CHECK ("NAME" IS NOT NULL) NOT DEFERRABLE INITIALLY IMMEDIATE NORELY VALIDATE;
ALTER TABLE "ROOT"."PRODUCT" ADD CONSTRAINT "SYS_C0012406" CHECK ("DELETE_STATUS" IS NOT NULL) NOT DEFERRABLE INITIALLY IMMEDIATE NORELY VALIDATE;
ALTER TABLE "ROOT"."PRODUCT" ADD CONSTRAINT "SYS_C0012407" CHECK ("PUBLISH_STATUS" IS NOT NULL) NOT DEFERRABLE INITIALLY IMMEDIATE NORELY VALIDATE;
ALTER TABLE "ROOT"."PRODUCT" ADD CONSTRAINT "SYS_C0012408" CHECK ("NEW_STATUS" IS NOT NULL) NOT DEFERRABLE INITIALLY IMMEDIATE NORELY VALIDATE;
ALTER TABLE "ROOT"."PRODUCT" ADD CONSTRAINT "SYS_C0012409" CHECK ("SALE" IS NOT NULL) NOT DEFERRABLE INITIALLY IMMEDIATE NORELY VALIDATE;
ALTER TABLE "ROOT"."PRODUCT" ADD CONSTRAINT "SYS_C0012410" CHECK ("PRODUCT_PRICE" IS NOT NULL) NOT DEFERRABLE INITIALLY IMMEDIATE NORELY VALIDATE;
ALTER TABLE "ROOT"."PRODUCT" ADD CONSTRAINT "SYS_C0012411" CHECK ("PROMOTION_PRICE" IS NOT NULL) NOT DEFERRABLE INITIALLY IMMEDIATE NORELY VALIDATE;
ALTER TABLE "ROOT"."PRODUCT" ADD CONSTRAINT "SYS_C0012412" CHECK ("STOCK" IS NOT NULL) NOT DEFERRABLE INITIALLY IMMEDIATE NORELY VALIDATE;
ALTER TABLE "ROOT"."PRODUCT" ADD CONSTRAINT "SYS_C0012413" CHECK ("LOW_STOCK" IS NOT NULL) NOT DEFERRABLE INITIALLY IMMEDIATE NORELY VALIDATE;
ALTER TABLE "ROOT"."PRODUCT" ADD CONSTRAINT "SYS_C0012414" CHECK ("UNIT" IS NOT NULL) NOT DEFERRABLE INITIALLY IMMEDIATE NORELY VALIDATE;
ALTER TABLE "ROOT"."PRODUCT" ADD CONSTRAINT "SYS_C0012415" CHECK ("WEIGHT" IS NOT NULL) NOT DEFERRABLE INITIALLY IMMEDIATE NORELY VALIDATE;
ALTER TABLE "ROOT"."PRODUCT" ADD CONSTRAINT "SYS_C009189" CHECK ("PRODUCT_ID" IS NOT NULL) NOT DEFERRABLE INITIALLY IMMEDIATE NORELY VALIDATE;
ALTER TABLE "ROOT"."PRODUCT" ADD CONSTRAINT "SYS_C009190" CHECK ("PRODUCT_CATEGORY_ID" IS NOT NULL) NOT DEFERRABLE INITIALLY IMMEDIATE NORELY VALIDATE;
ALTER TABLE "ROOT"."PRODUCT" ADD CONSTRAINT "SYS_C009191" CHECK ("NAME" IS NOT NULL) NOT DEFERRABLE INITIALLY IMMEDIATE NORELY VALIDATE;
ALTER TABLE "ROOT"."PRODUCT" ADD CONSTRAINT "SYS_C009192" CHECK ("DELETE_STATUS" IS NOT NULL) NOT DEFERRABLE INITIALLY IMMEDIATE NORELY VALIDATE;
ALTER TABLE "ROOT"."PRODUCT" ADD CONSTRAINT "SYS_C009193" CHECK ("PUBLISH_STATUS" IS NOT NULL) NOT DEFERRABLE INITIALLY IMMEDIATE NORELY VALIDATE;
ALTER TABLE "ROOT"."PRODUCT" ADD CONSTRAINT "SYS_C009194" CHECK ("NEW_STATUS" IS NOT NULL) NOT DEFERRABLE INITIALLY IMMEDIATE NORELY VALIDATE;
ALTER TABLE "ROOT"."PRODUCT" ADD CONSTRAINT "SYS_C009195" CHECK ("SALE" IS NOT NULL) NOT DEFERRABLE INITIALLY IMMEDIATE NORELY VALIDATE;
ALTER TABLE "ROOT"."PRODUCT" ADD CONSTRAINT "SYS_C009196" CHECK ("PRODUCT_PRICE" IS NOT NULL) NOT DEFERRABLE INITIALLY IMMEDIATE NORELY VALIDATE;
ALTER TABLE "ROOT"."PRODUCT" ADD CONSTRAINT "SYS_C009197" CHECK ("PROMOTION_PRICE" IS NOT NULL) NOT DEFERRABLE INITIALLY IMMEDIATE NORELY VALIDATE;
ALTER TABLE "ROOT"."PRODUCT" ADD CONSTRAINT "SYS_C009198" CHECK ("STOCK" IS NOT NULL) NOT DEFERRABLE INITIALLY IMMEDIATE NORELY VALIDATE;
ALTER TABLE "ROOT"."PRODUCT" ADD CONSTRAINT "SYS_C009199" CHECK ("LOW_STOCK" IS NOT NULL) NOT DEFERRABLE INITIALLY IMMEDIATE NORELY VALIDATE;
ALTER TABLE "ROOT"."PRODUCT" ADD CONSTRAINT "SYS_C009200" CHECK ("UNIT" IS NOT NULL) NOT DEFERRABLE INITIALLY IMMEDIATE NORELY VALIDATE;
ALTER TABLE "ROOT"."PRODUCT" ADD CONSTRAINT "SYS_C009201" CHECK ("WEIGHT" IS NOT NULL) NOT DEFERRABLE INITIALLY IMMEDIATE NORELY VALIDATE;

-- ----------------------------
-- Checks structure for table PRODUCT_ATTRIBUTE
-- ----------------------------
ALTER TABLE "ROOT"."PRODUCT_ATTRIBUTE" ADD CONSTRAINT "SYS_C0012456" CHECK ("ID" IS NOT NULL) NOT DEFERRABLE INITIALLY IMMEDIATE NORELY VALIDATE;
ALTER TABLE "ROOT"."PRODUCT_ATTRIBUTE" ADD CONSTRAINT "SYS_C0012457" CHECK ("PRODUCT_ATTRIBUTE_CATEGORY_ID" IS NOT NULL) NOT DEFERRABLE INITIALLY IMMEDIATE NORELY VALIDATE;
ALTER TABLE "ROOT"."PRODUCT_ATTRIBUTE" ADD CONSTRAINT "SYS_C0012458" CHECK ("NAME" IS NOT NULL) NOT DEFERRABLE INITIALLY IMMEDIATE NORELY VALIDATE;
ALTER TABLE "ROOT"."PRODUCT_ATTRIBUTE" ADD CONSTRAINT "SYS_C0012459" CHECK ("ATT_TYPE" IS NOT NULL) NOT DEFERRABLE INITIALLY IMMEDIATE NORELY VALIDATE;
ALTER TABLE "ROOT"."PRODUCT_ATTRIBUTE" ADD CONSTRAINT "SYS_C009202" CHECK ("ID" IS NOT NULL) NOT DEFERRABLE INITIALLY IMMEDIATE NORELY VALIDATE;
ALTER TABLE "ROOT"."PRODUCT_ATTRIBUTE" ADD CONSTRAINT "SYS_C009203" CHECK ("PRODUCT_ATTRIBUTE_CATEGORY_ID" IS NOT NULL) NOT DEFERRABLE INITIALLY IMMEDIATE NORELY VALIDATE;
ALTER TABLE "ROOT"."PRODUCT_ATTRIBUTE" ADD CONSTRAINT "SYS_C009204" CHECK ("NAME" IS NOT NULL) NOT DEFERRABLE INITIALLY IMMEDIATE NORELY VALIDATE;
ALTER TABLE "ROOT"."PRODUCT_ATTRIBUTE" ADD CONSTRAINT "SYS_C009205" CHECK ("ATT_TYPE" IS NOT NULL) NOT DEFERRABLE INITIALLY IMMEDIATE NORELY VALIDATE;

-- ----------------------------
-- Checks structure for table PRODUCT_ATTRIBUTE_CATEGORY
-- ----------------------------
ALTER TABLE "ROOT"."PRODUCT_ATTRIBUTE_CATEGORY" ADD CONSTRAINT "SYS_C0012460" CHECK ("ID" IS NOT NULL) NOT DEFERRABLE INITIALLY IMMEDIATE NORELY VALIDATE;
ALTER TABLE "ROOT"."PRODUCT_ATTRIBUTE_CATEGORY" ADD CONSTRAINT "SYS_C0012461" CHECK ("PRODUCT_ID" IS NOT NULL) NOT DEFERRABLE INITIALLY IMMEDIATE NORELY VALIDATE;
ALTER TABLE "ROOT"."PRODUCT_ATTRIBUTE_CATEGORY" ADD CONSTRAINT "SYS_C0012462" CHECK ("ATTRIBUTE_COUNT" IS NOT NULL) NOT DEFERRABLE INITIALLY IMMEDIATE NORELY VALIDATE;
ALTER TABLE "ROOT"."PRODUCT_ATTRIBUTE_CATEGORY" ADD CONSTRAINT "SYS_C0012463" CHECK ("PARAM_COUNT" IS NOT NULL) NOT DEFERRABLE INITIALLY IMMEDIATE NORELY VALIDATE;
ALTER TABLE "ROOT"."PRODUCT_ATTRIBUTE_CATEGORY" ADD CONSTRAINT "SYS_C009206" CHECK ("ID" IS NOT NULL) NOT DEFERRABLE INITIALLY IMMEDIATE NORELY VALIDATE;
ALTER TABLE "ROOT"."PRODUCT_ATTRIBUTE_CATEGORY" ADD CONSTRAINT "SYS_C009207" CHECK ("PRODUCT_ID" IS NOT NULL) NOT DEFERRABLE INITIALLY IMMEDIATE NORELY VALIDATE;
ALTER TABLE "ROOT"."PRODUCT_ATTRIBUTE_CATEGORY" ADD CONSTRAINT "SYS_C009208" CHECK ("ATTRIBUTE_COUNT" IS NOT NULL) NOT DEFERRABLE INITIALLY IMMEDIATE NORELY VALIDATE;
ALTER TABLE "ROOT"."PRODUCT_ATTRIBUTE_CATEGORY" ADD CONSTRAINT "SYS_C009209" CHECK ("PARAM_COUNT" IS NOT NULL) NOT DEFERRABLE INITIALLY IMMEDIATE NORELY VALIDATE;

-- ----------------------------
-- Checks structure for table PRODUCT_ATTRIBUTE_VALUE
-- ----------------------------
ALTER TABLE "ROOT"."PRODUCT_ATTRIBUTE_VALUE" ADD CONSTRAINT "SYS_C0012464" CHECK ("ID" IS NOT NULL) NOT DEFERRABLE INITIALLY IMMEDIATE NORELY VALIDATE;
ALTER TABLE "ROOT"."PRODUCT_ATTRIBUTE_VALUE" ADD CONSTRAINT "SYS_C0012465" CHECK ("PRODUCT_ATTRIBUTE_ID" IS NOT NULL) NOT DEFERRABLE INITIALLY IMMEDIATE NORELY VALIDATE;
ALTER TABLE "ROOT"."PRODUCT_ATTRIBUTE_VALUE" ADD CONSTRAINT "SYS_C0012466" CHECK ("VALUE" IS NOT NULL) NOT DEFERRABLE INITIALLY IMMEDIATE NORELY VALIDATE;
ALTER TABLE "ROOT"."PRODUCT_ATTRIBUTE_VALUE" ADD CONSTRAINT "SYS_C009210" CHECK ("ID" IS NOT NULL) NOT DEFERRABLE INITIALLY IMMEDIATE NORELY VALIDATE;
ALTER TABLE "ROOT"."PRODUCT_ATTRIBUTE_VALUE" ADD CONSTRAINT "SYS_C009211" CHECK ("PRODUCT_ATTRIBUTE_ID" IS NOT NULL) NOT DEFERRABLE INITIALLY IMMEDIATE NORELY VALIDATE;
ALTER TABLE "ROOT"."PRODUCT_ATTRIBUTE_VALUE" ADD CONSTRAINT "SYS_C009212" CHECK ("VALUE" IS NOT NULL) NOT DEFERRABLE INITIALLY IMMEDIATE NORELY VALIDATE;

-- ----------------------------
-- Primary Key structure for table PRODUCT_CATEGORY
-- ----------------------------
ALTER TABLE "ROOT"."PRODUCT_CATEGORY" ADD CONSTRAINT "SYS_C0012402" PRIMARY KEY ("PRODUCT_CATEGORY_ID");

-- ----------------------------
-- Checks structure for table PRODUCT_CATEGORY
-- ----------------------------
ALTER TABLE "ROOT"."PRODUCT_CATEGORY" ADD CONSTRAINT "SYS_C0012396" CHECK ("PRODUCT_CATEGORY_ID" IS NOT NULL) NOT DEFERRABLE INITIALLY IMMEDIATE NORELY VALIDATE;
ALTER TABLE "ROOT"."PRODUCT_CATEGORY" ADD CONSTRAINT "SYS_C0012397" CHECK ("PARENT_ID" IS NOT NULL) NOT DEFERRABLE INITIALLY IMMEDIATE NORELY VALIDATE;
ALTER TABLE "ROOT"."PRODUCT_CATEGORY" ADD CONSTRAINT "SYS_C0012398" CHECK ("NAME" IS NOT NULL) NOT DEFERRABLE INITIALLY IMMEDIATE NORELY VALIDATE;
ALTER TABLE "ROOT"."PRODUCT_CATEGORY" ADD CONSTRAINT "SYS_C0012399" CHECK ("CATEGORY_LEVEL" IS NOT NULL) NOT DEFERRABLE INITIALLY IMMEDIATE NORELY VALIDATE;
ALTER TABLE "ROOT"."PRODUCT_CATEGORY" ADD CONSTRAINT "SYS_C0012400" CHECK ("PRODUCT_COUNT" IS NOT NULL) NOT DEFERRABLE INITIALLY IMMEDIATE NORELY VALIDATE;
ALTER TABLE "ROOT"."PRODUCT_CATEGORY" ADD CONSTRAINT "SYS_C0012401" CHECK ("PRODUCT_UNIT" IS NOT NULL) NOT DEFERRABLE INITIALLY IMMEDIATE NORELY VALIDATE;
ALTER TABLE "ROOT"."PRODUCT_CATEGORY" ADD CONSTRAINT "SYS_C009213" CHECK ("PRODUCT_CATEGORY_ID" IS NOT NULL) NOT DEFERRABLE INITIALLY IMMEDIATE NORELY VALIDATE;
ALTER TABLE "ROOT"."PRODUCT_CATEGORY" ADD CONSTRAINT "SYS_C009214" CHECK ("PARENT_ID" IS NOT NULL) NOT DEFERRABLE INITIALLY IMMEDIATE NORELY VALIDATE;
ALTER TABLE "ROOT"."PRODUCT_CATEGORY" ADD CONSTRAINT "SYS_C009215" CHECK ("NAME" IS NOT NULL) NOT DEFERRABLE INITIALLY IMMEDIATE NORELY VALIDATE;
ALTER TABLE "ROOT"."PRODUCT_CATEGORY" ADD CONSTRAINT "SYS_C009216" CHECK ("CATEGORY_LEVEL" IS NOT NULL) NOT DEFERRABLE INITIALLY IMMEDIATE NORELY VALIDATE;
ALTER TABLE "ROOT"."PRODUCT_CATEGORY" ADD CONSTRAINT "SYS_C009217" CHECK ("PRODUCT_COUNT" IS NOT NULL) NOT DEFERRABLE INITIALLY IMMEDIATE NORELY VALIDATE;
ALTER TABLE "ROOT"."PRODUCT_CATEGORY" ADD CONSTRAINT "SYS_C009218" CHECK ("PRODUCT_UNIT" IS NOT NULL) NOT DEFERRABLE INITIALLY IMMEDIATE NORELY VALIDATE;

-- ----------------------------
-- Checks structure for table PURCHASE_DETAIL
-- ----------------------------
ALTER TABLE "ROOT"."PURCHASE_DETAIL" ADD CONSTRAINT "SYS_C0012447" CHECK ("ID" IS NOT NULL) NOT DEFERRABLE INITIALLY IMMEDIATE NORELY VALIDATE;
ALTER TABLE "ROOT"."PURCHASE_DETAIL" ADD CONSTRAINT "SYS_C0012448" CHECK ("ORDER_ID" IS NOT NULL) NOT DEFERRABLE INITIALLY IMMEDIATE NORELY VALIDATE;
ALTER TABLE "ROOT"."PURCHASE_DETAIL" ADD CONSTRAINT "SYS_C0012449" CHECK ("PRODUCT_ID" IS NOT NULL) NOT DEFERRABLE INITIALLY IMMEDIATE NORELY VALIDATE;
ALTER TABLE "ROOT"."PURCHASE_DETAIL" ADD CONSTRAINT "SYS_C0012450" CHECK ("COUNTS" IS NOT NULL) NOT DEFERRABLE INITIALLY IMMEDIATE NORELY VALIDATE;
ALTER TABLE "ROOT"."PURCHASE_DETAIL" ADD CONSTRAINT "SYS_C0012451" CHECK ("PRICE" IS NOT NULL) NOT DEFERRABLE INITIALLY IMMEDIATE NORELY VALIDATE;
ALTER TABLE "ROOT"."PURCHASE_DETAIL" ADD CONSTRAINT "SYS_C0012452" CHECK ("DISCOUNT" IS NOT NULL) NOT DEFERRABLE INITIALLY IMMEDIATE NORELY VALIDATE;
ALTER TABLE "ROOT"."PURCHASE_DETAIL" ADD CONSTRAINT "SYS_C0012453" CHECK ("SPEND" IS NOT NULL) NOT DEFERRABLE INITIALLY IMMEDIATE NORELY VALIDATE;
ALTER TABLE "ROOT"."PURCHASE_DETAIL" ADD CONSTRAINT "SYS_C0012454" CHECK ("PRODUCT_SKU_CODE" IS NOT NULL) NOT DEFERRABLE INITIALLY IMMEDIATE NORELY VALIDATE;
ALTER TABLE "ROOT"."PURCHASE_DETAIL" ADD CONSTRAINT "SYS_C0012455" CHECK ("STOCK_SKU_ID" IS NOT NULL) NOT DEFERRABLE INITIALLY IMMEDIATE NORELY VALIDATE;
ALTER TABLE "ROOT"."PURCHASE_DETAIL" ADD CONSTRAINT "SYS_C009219" CHECK ("ID" IS NOT NULL) NOT DEFERRABLE INITIALLY IMMEDIATE NORELY VALIDATE;
ALTER TABLE "ROOT"."PURCHASE_DETAIL" ADD CONSTRAINT "SYS_C009220" CHECK ("ORDER_ID" IS NOT NULL) NOT DEFERRABLE INITIALLY IMMEDIATE NORELY VALIDATE;
ALTER TABLE "ROOT"."PURCHASE_DETAIL" ADD CONSTRAINT "SYS_C009221" CHECK ("PRODUCT_ID" IS NOT NULL) NOT DEFERRABLE INITIALLY IMMEDIATE NORELY VALIDATE;
ALTER TABLE "ROOT"."PURCHASE_DETAIL" ADD CONSTRAINT "SYS_C009222" CHECK ("COUNTS" IS NOT NULL) NOT DEFERRABLE INITIALLY IMMEDIATE NORELY VALIDATE;
ALTER TABLE "ROOT"."PURCHASE_DETAIL" ADD CONSTRAINT "SYS_C009223" CHECK ("PRICE" IS NOT NULL) NOT DEFERRABLE INITIALLY IMMEDIATE NORELY VALIDATE;
ALTER TABLE "ROOT"."PURCHASE_DETAIL" ADD CONSTRAINT "SYS_C009224" CHECK ("DISCOUNT" IS NOT NULL) NOT DEFERRABLE INITIALLY IMMEDIATE NORELY VALIDATE;
ALTER TABLE "ROOT"."PURCHASE_DETAIL" ADD CONSTRAINT "SYS_C009225" CHECK ("SPEND" IS NOT NULL) NOT DEFERRABLE INITIALLY IMMEDIATE NORELY VALIDATE;
ALTER TABLE "ROOT"."PURCHASE_DETAIL" ADD CONSTRAINT "SYS_C009226" CHECK ("PRODUCT_SKU_CODE" IS NOT NULL) NOT DEFERRABLE INITIALLY IMMEDIATE NORELY VALIDATE;
ALTER TABLE "ROOT"."PURCHASE_DETAIL" ADD CONSTRAINT "SYS_C009227" CHECK ("STOCK_SKU_ID" IS NOT NULL) NOT DEFERRABLE INITIALLY IMMEDIATE NORELY VALIDATE;

-- ----------------------------
-- Checks structure for table SKU_STOCK
-- ----------------------------
ALTER TABLE "ROOT"."SKU_STOCK" ADD CONSTRAINT "SYS_C0012433" CHECK ("ID" IS NOT NULL) NOT DEFERRABLE INITIALLY IMMEDIATE NORELY VALIDATE;
ALTER TABLE "ROOT"."SKU_STOCK" ADD CONSTRAINT "SYS_C0012434" CHECK ("SKU_ID" IS NOT NULL) NOT DEFERRABLE INITIALLY IMMEDIATE NORELY VALIDATE;
ALTER TABLE "ROOT"."SKU_STOCK" ADD CONSTRAINT "SYS_C0012435" CHECK ("STOCK" IS NOT NULL) NOT DEFERRABLE INITIALLY IMMEDIATE NORELY VALIDATE;
ALTER TABLE "ROOT"."SKU_STOCK" ADD CONSTRAINT "SYS_C0012436" CHECK ("LOW_STOCK" IS NOT NULL) NOT DEFERRABLE INITIALLY IMMEDIATE NORELY VALIDATE;
ALTER TABLE "ROOT"."SKU_STOCK" ADD CONSTRAINT "SYS_C0012437" CHECK ("REPOSITORY_ID" IS NOT NULL) NOT DEFERRABLE INITIALLY IMMEDIATE NORELY VALIDATE;
ALTER TABLE "ROOT"."SKU_STOCK" ADD CONSTRAINT "SYS_C009228" CHECK ("ID" IS NOT NULL) NOT DEFERRABLE INITIALLY IMMEDIATE NORELY VALIDATE;
ALTER TABLE "ROOT"."SKU_STOCK" ADD CONSTRAINT "SYS_C009229" CHECK ("SKU_ID" IS NOT NULL) NOT DEFERRABLE INITIALLY IMMEDIATE NORELY VALIDATE;
ALTER TABLE "ROOT"."SKU_STOCK" ADD CONSTRAINT "SYS_C009230" CHECK ("STOCK" IS NOT NULL) NOT DEFERRABLE INITIALLY IMMEDIATE NORELY VALIDATE;
ALTER TABLE "ROOT"."SKU_STOCK" ADD CONSTRAINT "SYS_C009231" CHECK ("LOW_STOCK" IS NOT NULL) NOT DEFERRABLE INITIALLY IMMEDIATE NORELY VALIDATE;
ALTER TABLE "ROOT"."SKU_STOCK" ADD CONSTRAINT "SYS_C009232" CHECK ("REPOSITORY_ID" IS NOT NULL) NOT DEFERRABLE INITIALLY IMMEDIATE NORELY VALIDATE;

-- ----------------------------
-- Checks structure for table STOCK_LOG
-- ----------------------------
ALTER TABLE "ROOT"."STOCK_LOG" ADD CONSTRAINT "SYS_C0012470" CHECK ("ID" IS NOT NULL) NOT DEFERRABLE INITIALLY IMMEDIATE NORELY VALIDATE;
ALTER TABLE "ROOT"."STOCK_LOG" ADD CONSTRAINT "SYS_C0012471" CHECK ("REPOSITORY_ID" IS NOT NULL) NOT DEFERRABLE INITIALLY IMMEDIATE NORELY VALIDATE;
ALTER TABLE "ROOT"."STOCK_LOG" ADD CONSTRAINT "SYS_C0012472" CHECK ("PRODUCT_ID" IS NOT NULL) NOT DEFERRABLE INITIALLY IMMEDIATE NORELY VALIDATE;
ALTER TABLE "ROOT"."STOCK_LOG" ADD CONSTRAINT "SYS_C0012473" CHECK ("SKU_CODE" IS NOT NULL) NOT DEFERRABLE INITIALLY IMMEDIATE NORELY VALIDATE;
ALTER TABLE "ROOT"."STOCK_LOG" ADD CONSTRAINT "SYS_C009233" CHECK ("ID" IS NOT NULL) NOT DEFERRABLE INITIALLY IMMEDIATE NORELY VALIDATE;
ALTER TABLE "ROOT"."STOCK_LOG" ADD CONSTRAINT "SYS_C009234" CHECK ("REPOSITORY_ID" IS NOT NULL) NOT DEFERRABLE INITIALLY IMMEDIATE NORELY VALIDATE;
ALTER TABLE "ROOT"."STOCK_LOG" ADD CONSTRAINT "SYS_C009235" CHECK ("PRODUCT_ID" IS NOT NULL) NOT DEFERRABLE INITIALLY IMMEDIATE NORELY VALIDATE;
ALTER TABLE "ROOT"."STOCK_LOG" ADD CONSTRAINT "SYS_C009236" CHECK ("SKU_CODE" IS NOT NULL) NOT DEFERRABLE INITIALLY IMMEDIATE NORELY VALIDATE;

-- ----------------------------
-- Checks structure for table STORE
-- ----------------------------
ALTER TABLE "ROOT"."STORE" ADD CONSTRAINT "SYS_C0012474" CHECK ("ID" IS NOT NULL) NOT DEFERRABLE INITIALLY IMMEDIATE NORELY VALIDATE;
ALTER TABLE "ROOT"."STORE" ADD CONSTRAINT "SYS_C0012475" CHECK ("NAME" IS NOT NULL) NOT DEFERRABLE INITIALLY IMMEDIATE NORELY VALIDATE;
ALTER TABLE "ROOT"."STORE" ADD CONSTRAINT "SYS_C0012476" CHECK ("ADDRESS" IS NOT NULL) NOT DEFERRABLE INITIALLY IMMEDIATE NORELY VALIDATE;
ALTER TABLE "ROOT"."STORE" ADD CONSTRAINT "SYS_C0012477" CHECK ("phone" IS NOT NULL) NOT DEFERRABLE INITIALLY IMMEDIATE NORELY VALIDATE;
ALTER TABLE "ROOT"."STORE" ADD CONSTRAINT "SYS_C009237" CHECK ("ID" IS NOT NULL) NOT DEFERRABLE INITIALLY IMMEDIATE NORELY VALIDATE;
ALTER TABLE "ROOT"."STORE" ADD CONSTRAINT "SYS_C009238" CHECK ("NAME" IS NOT NULL) NOT DEFERRABLE INITIALLY IMMEDIATE NORELY VALIDATE;
ALTER TABLE "ROOT"."STORE" ADD CONSTRAINT "SYS_C009239" CHECK ("ADDRESS" IS NOT NULL) NOT DEFERRABLE INITIALLY IMMEDIATE NORELY VALIDATE;
ALTER TABLE "ROOT"."STORE" ADD CONSTRAINT "SYS_C009240" CHECK ("phone" IS NOT NULL) NOT DEFERRABLE INITIALLY IMMEDIATE NORELY VALIDATE;

-- ----------------------------
-- Checks structure for table SUPPLIER
-- ----------------------------
ALTER TABLE "ROOT"."SUPPLIER" ADD CONSTRAINT "SYS_C0012478" CHECK ("SUPPLIER_ID" IS NOT NULL) NOT DEFERRABLE INITIALLY IMMEDIATE NORELY VALIDATE;
ALTER TABLE "ROOT"."SUPPLIER" ADD CONSTRAINT "SYS_C0012479" CHECK ("SUPPLIER_PRODUCT_CLASS_ID" IS NOT NULL) NOT DEFERRABLE INITIALLY IMMEDIATE NORELY VALIDATE;
ALTER TABLE "ROOT"."SUPPLIER" ADD CONSTRAINT "SYS_C0012480" CHECK ("SUPPLIER_TEL" IS NOT NULL) NOT DEFERRABLE INITIALLY IMMEDIATE NORELY VALIDATE;
ALTER TABLE "ROOT"."SUPPLIER" ADD CONSTRAINT "SYS_C0012481" CHECK ("SUPPLIER_EMAIL" IS NOT NULL) NOT DEFERRABLE INITIALLY IMMEDIATE NORELY VALIDATE;
ALTER TABLE "ROOT"."SUPPLIER" ADD CONSTRAINT "SYS_C0012482" CHECK ("SUPPLIER_ADDRESS_ID" IS NOT NULL) NOT DEFERRABLE INITIALLY IMMEDIATE NORELY VALIDATE;
ALTER TABLE "ROOT"."SUPPLIER" ADD CONSTRAINT "SYS_C0012483" CHECK ("SUPPLIER_ADDRESS_DETAIL" IS NOT NULL) NOT DEFERRABLE INITIALLY IMMEDIATE NORELY VALIDATE;
ALTER TABLE "ROOT"."SUPPLIER" ADD CONSTRAINT "SYS_C009241" CHECK ("SUPPLIER_ID" IS NOT NULL) NOT DEFERRABLE INITIALLY IMMEDIATE NORELY VALIDATE;
ALTER TABLE "ROOT"."SUPPLIER" ADD CONSTRAINT "SYS_C009242" CHECK ("SUPPLIER_PRODUCT_CLASS_ID" IS NOT NULL) NOT DEFERRABLE INITIALLY IMMEDIATE NORELY VALIDATE;
ALTER TABLE "ROOT"."SUPPLIER" ADD CONSTRAINT "SYS_C009243" CHECK ("SUPPLIER_TEL" IS NOT NULL) NOT DEFERRABLE INITIALLY IMMEDIATE NORELY VALIDATE;
ALTER TABLE "ROOT"."SUPPLIER" ADD CONSTRAINT "SYS_C009244" CHECK ("SUPPLIER_EMAIL" IS NOT NULL) NOT DEFERRABLE INITIALLY IMMEDIATE NORELY VALIDATE;
ALTER TABLE "ROOT"."SUPPLIER" ADD CONSTRAINT "SYS_C009245" CHECK ("SUPPLIER_ADDRESS_ID" IS NOT NULL) NOT DEFERRABLE INITIALLY IMMEDIATE NORELY VALIDATE;
ALTER TABLE "ROOT"."SUPPLIER" ADD CONSTRAINT "SYS_C009246" CHECK ("SUPPLIER_ADDRESS_DETAIL" IS NOT NULL) NOT DEFERRABLE INITIALLY IMMEDIATE NORELY VALIDATE;

-- ----------------------------
-- Checks structure for table USER_LOGIN_LOG
-- ----------------------------
ALTER TABLE "ROOT"."USER_LOGIN_LOG" ADD CONSTRAINT "SYS_C0012484" CHECK ("ID" IS NOT NULL) NOT DEFERRABLE INITIALLY IMMEDIATE NORELY VALIDATE;
ALTER TABLE "ROOT"."USER_LOGIN_LOG" ADD CONSTRAINT "SYS_C0012485" CHECK ("USE_ID" IS NOT NULL) NOT DEFERRABLE INITIALLY IMMEDIATE NORELY VALIDATE;
ALTER TABLE "ROOT"."USER_LOGIN_LOG" ADD CONSTRAINT "SYS_C0012486" CHECK ("LOGIN_TIME" IS NOT NULL) NOT DEFERRABLE INITIALLY IMMEDIATE NORELY VALIDATE;
ALTER TABLE "ROOT"."USER_LOGIN_LOG" ADD CONSTRAINT "SYS_C0012487" CHECK ("LOGIN_TYPE" IS NOT NULL) NOT DEFERRABLE INITIALLY IMMEDIATE NORELY VALIDATE;
ALTER TABLE "ROOT"."USER_LOGIN_LOG" ADD CONSTRAINT "SYS_C0012488" CHECK ("LOGIN_IP" IS NOT NULL) NOT DEFERRABLE INITIALLY IMMEDIATE NORELY VALIDATE;
ALTER TABLE "ROOT"."USER_LOGIN_LOG" ADD CONSTRAINT "SYS_C009247" CHECK ("ID" IS NOT NULL) NOT DEFERRABLE INITIALLY IMMEDIATE NORELY VALIDATE;
ALTER TABLE "ROOT"."USER_LOGIN_LOG" ADD CONSTRAINT "SYS_C009248" CHECK ("USE_ID" IS NOT NULL) NOT DEFERRABLE INITIALLY IMMEDIATE NORELY VALIDATE;
ALTER TABLE "ROOT"."USER_LOGIN_LOG" ADD CONSTRAINT "SYS_C009249" CHECK ("LOGIN_TIME" IS NOT NULL) NOT DEFERRABLE INITIALLY IMMEDIATE NORELY VALIDATE;
ALTER TABLE "ROOT"."USER_LOGIN_LOG" ADD CONSTRAINT "SYS_C009250" CHECK ("LOGIN_TYPE" IS NOT NULL) NOT DEFERRABLE INITIALLY IMMEDIATE NORELY VALIDATE;
ALTER TABLE "ROOT"."USER_LOGIN_LOG" ADD CONSTRAINT "SYS_C009251" CHECK ("LOGIN_IP" IS NOT NULL) NOT DEFERRABLE INITIALLY IMMEDIATE NORELY VALIDATE;

-- ----------------------------
-- Checks structure for table USER_ORDER_DETAIL
-- ----------------------------
ALTER TABLE "ROOT"."USER_ORDER_DETAIL" ADD CONSTRAINT "SYS_C0012438" CHECK ("USER_ORDER_DETAIL_ID" IS NOT NULL) NOT DEFERRABLE INITIALLY IMMEDIATE NORELY VALIDATE;
ALTER TABLE "ROOT"."USER_ORDER_DETAIL" ADD CONSTRAINT "SYS_C0012439" CHECK ("USER_ORDER_DETAIL_ORDER_ID" IS NOT NULL) NOT DEFERRABLE INITIALLY IMMEDIATE NORELY VALIDATE;
ALTER TABLE "ROOT"."USER_ORDER_DETAIL" ADD CONSTRAINT "SYS_C0012440" CHECK ("USER_ORDER_DETAIL_PRODUCT_ID" IS NOT NULL) NOT DEFERRABLE INITIALLY IMMEDIATE NORELY VALIDATE;
ALTER TABLE "ROOT"."USER_ORDER_DETAIL" ADD CONSTRAINT "SYS_C0012441" CHECK ("USER_ORDER_DETAIL_NUMBER" IS NOT NULL) NOT DEFERRABLE INITIALLY IMMEDIATE NORELY VALIDATE;
ALTER TABLE "ROOT"."USER_ORDER_DETAIL" ADD CONSTRAINT "SYS_C0012442" CHECK ("USER_ORDER_DETAIL_PRICE" IS NOT NULL) NOT DEFERRABLE INITIALLY IMMEDIATE NORELY VALIDATE;
ALTER TABLE "ROOT"."USER_ORDER_DETAIL" ADD CONSTRAINT "SYS_C0012443" CHECK ("USER_ORDER_DETAIL_DISCOUNT" IS NOT NULL) NOT DEFERRABLE INITIALLY IMMEDIATE NORELY VALIDATE;
ALTER TABLE "ROOT"."USER_ORDER_DETAIL" ADD CONSTRAINT "SYS_C0012444" CHECK ("USER_ORDER_DETAIL_SPEND" IS NOT NULL) NOT DEFERRABLE INITIALLY IMMEDIATE NORELY VALIDATE;
ALTER TABLE "ROOT"."USER_ORDER_DETAIL" ADD CONSTRAINT "SYS_C0012445" CHECK ("PRODUCT_SKU_CODE" IS NOT NULL) NOT DEFERRABLE INITIALLY IMMEDIATE NORELY VALIDATE;
ALTER TABLE "ROOT"."USER_ORDER_DETAIL" ADD CONSTRAINT "SYS_C0012446" CHECK ("STOCK_SKU_ID" IS NOT NULL) NOT DEFERRABLE INITIALLY IMMEDIATE NORELY VALIDATE;
ALTER TABLE "ROOT"."USER_ORDER_DETAIL" ADD CONSTRAINT "SYS_C009252" CHECK ("USER_ORDER_DETAIL_ID" IS NOT NULL) NOT DEFERRABLE INITIALLY IMMEDIATE NORELY VALIDATE;
ALTER TABLE "ROOT"."USER_ORDER_DETAIL" ADD CONSTRAINT "SYS_C009253" CHECK ("USER_ORDER_DETAIL_ORDER_ID" IS NOT NULL) NOT DEFERRABLE INITIALLY IMMEDIATE NORELY VALIDATE;
ALTER TABLE "ROOT"."USER_ORDER_DETAIL" ADD CONSTRAINT "SYS_C009254" CHECK ("USER_ORDER_DETAIL_PRODUCT_ID" IS NOT NULL) NOT DEFERRABLE INITIALLY IMMEDIATE NORELY VALIDATE;
ALTER TABLE "ROOT"."USER_ORDER_DETAIL" ADD CONSTRAINT "SYS_C009255" CHECK ("USER_ORDER_DETAIL_NUMBER" IS NOT NULL) NOT DEFERRABLE INITIALLY IMMEDIATE NORELY VALIDATE;
ALTER TABLE "ROOT"."USER_ORDER_DETAIL" ADD CONSTRAINT "SYS_C009256" CHECK ("USER_ORDER_DETAIL_PRICE" IS NOT NULL) NOT DEFERRABLE INITIALLY IMMEDIATE NORELY VALIDATE;
ALTER TABLE "ROOT"."USER_ORDER_DETAIL" ADD CONSTRAINT "SYS_C009257" CHECK ("USER_ORDER_DETAIL_DISCOUNT" IS NOT NULL) NOT DEFERRABLE INITIALLY IMMEDIATE NORELY VALIDATE;
ALTER TABLE "ROOT"."USER_ORDER_DETAIL" ADD CONSTRAINT "SYS_C009258" CHECK ("USER_ORDER_DETAIL_SPEND" IS NOT NULL) NOT DEFERRABLE INITIALLY IMMEDIATE NORELY VALIDATE;
ALTER TABLE "ROOT"."USER_ORDER_DETAIL" ADD CONSTRAINT "SYS_C009259" CHECK ("PRODUCT_SKU_CODE" IS NOT NULL) NOT DEFERRABLE INITIALLY IMMEDIATE NORELY VALIDATE;
ALTER TABLE "ROOT"."USER_ORDER_DETAIL" ADD CONSTRAINT "SYS_C009260" CHECK ("STOCK_SKU_ID" IS NOT NULL) NOT DEFERRABLE INITIALLY IMMEDIATE NORELY VALIDATE;

-- ----------------------------
-- Checks structure for table USER_REGISTER_LOG
-- ----------------------------
ALTER TABLE "ROOT"."USER_REGISTER_LOG" ADD CONSTRAINT "SYS_C0012489" CHECK ("USER_ID" IS NOT NULL) NOT DEFERRABLE INITIALLY IMMEDIATE NORELY VALIDATE;
ALTER TABLE "ROOT"."USER_REGISTER_LOG" ADD CONSTRAINT "SYS_C0012490" CHECK ("CREATE_TIME" IS NOT NULL) NOT DEFERRABLE INITIALLY IMMEDIATE NORELY VALIDATE;
ALTER TABLE "ROOT"."USER_REGISTER_LOG" ADD CONSTRAINT "SYS_C0012491" CHECK ("USER_TYPE" IS NOT NULL) NOT DEFERRABLE INITIALLY IMMEDIATE NORELY VALIDATE;
ALTER TABLE "ROOT"."USER_REGISTER_LOG" ADD CONSTRAINT "SYS_C009261" CHECK ("USER_ID" IS NOT NULL) NOT DEFERRABLE INITIALLY IMMEDIATE NORELY VALIDATE;
ALTER TABLE "ROOT"."USER_REGISTER_LOG" ADD CONSTRAINT "SYS_C009262" CHECK ("CREATE_TIME" IS NOT NULL) NOT DEFERRABLE INITIALLY IMMEDIATE NORELY VALIDATE;
ALTER TABLE "ROOT"."USER_REGISTER_LOG" ADD CONSTRAINT "SYS_C009263" CHECK ("USER_TYPE" IS NOT NULL) NOT DEFERRABLE INITIALLY IMMEDIATE NORELY VALIDATE;

-- ----------------------------
-- Checks structure for table WAREHOUSE_INFO
-- ----------------------------
ALTER TABLE "ROOT"."WAREHOUSE_INFO" ADD CONSTRAINT "SYS_C0012492" CHECK ("WAREHOUSE_ID" IS NOT NULL) NOT DEFERRABLE INITIALLY IMMEDIATE NORELY VALIDATE;
ALTER TABLE "ROOT"."WAREHOUSE_INFO" ADD CONSTRAINT "SYS_C0012493" CHECK ("WAREHOUSE_NAME" IS NOT NULL) NOT DEFERRABLE INITIALLY IMMEDIATE NORELY VALIDATE;
ALTER TABLE "ROOT"."WAREHOUSE_INFO" ADD CONSTRAINT "SYS_C0012494" CHECK ("WAREHOUSE_CAPACITY" IS NOT NULL) NOT DEFERRABLE INITIALLY IMMEDIATE NORELY VALIDATE;
ALTER TABLE "ROOT"."WAREHOUSE_INFO" ADD CONSTRAINT "SYS_C0012495" CHECK ("WAREHOUSE_ADDRESS_DETAIL" IS NOT NULL) NOT DEFERRABLE INITIALLY IMMEDIATE NORELY VALIDATE;
ALTER TABLE "ROOT"."WAREHOUSE_INFO" ADD CONSTRAINT "SYS_C009264" CHECK ("WAREHOUSE_ID" IS NOT NULL) NOT DEFERRABLE INITIALLY IMMEDIATE NORELY VALIDATE;
ALTER TABLE "ROOT"."WAREHOUSE_INFO" ADD CONSTRAINT "SYS_C009265" CHECK ("WAREHOUSE_NAME" IS NOT NULL) NOT DEFERRABLE INITIALLY IMMEDIATE NORELY VALIDATE;
ALTER TABLE "ROOT"."WAREHOUSE_INFO" ADD CONSTRAINT "SYS_C009266" CHECK ("WAREHOUSE_CAPACITY" IS NOT NULL) NOT DEFERRABLE INITIALLY IMMEDIATE NORELY VALIDATE;
ALTER TABLE "ROOT"."WAREHOUSE_INFO" ADD CONSTRAINT "SYS_C009267" CHECK ("WAREHOUSE_ADDRESS_DETAIL" IS NOT NULL) NOT DEFERRABLE INITIALLY IMMEDIATE NORELY VALIDATE;
